"MEASA","2007","_Proportion","14.0","1.3","12.7","15.4","","7d21a748-8bcd-4afc-801c-9af5ef694eba"
"MEASA","2007","_ChangeInProportion","","","","","A","196b49ae-9b42-49dc-86d5-9202a584d5e2"
"MEASA","2007","_Number","150.8","14.1","136.7","164.9","","8371a925-af83-43f3-ae2e-bf728b974b0f"
"MEASA","2007","_ChangeInNumber","","","","","A","419a53fc-68a5-4d25-ba84-365057faaf38"
"MEASA","2007","_Population","1073.4","","","","","166aadf2-372a-4efe-bf88-e82c5a9f1ac9"
"MEASA","2008","_Proportion","14.5","1.1","13.4","15.6","","19031681-6479-4c8b-80ea-9440a5f0f01f"
"MEASA","2008","_ChangeInProportion","0.4","1.8","-1.3","2.2","","072ef3a4-3ba2-4b34-a739-88b92e9bcca0"
"MEASA","2008","_Number","155.9","11.7","144.2","167.6","","560c4766-3c61-4575-9802-9a608f78af03"
"MEASA","2008","_ChangeInNumber","5.1","19.1","-14.0","24.2","","c1614106-7d3d-4ffe-8637-df682dc52018"
"MEASA","2008","_Population","1076.5","","","","","41aed6fe-c6e9-4e57-82fe-4a2ba7757c05"
"MEASA","2009","_Proportion","14.0","1.1","12.8","15.1","","8d0be6e5-f3d4-4b4d-912d-d87b3e010a51"
"MEASA","2009","_ChangeInProportion","-0.5","1.5","-2.0","1.0","","76ab9379-4dc5-4b9f-8763-ccdcf5e0778a"
"MEASA","2009","_Number","150.6","12.3","138.4","162.9","","56e71836-eb42-4d1d-9602-e8fa47e4d0fe"
"MEASA","2009","_ChangeInNumber","-5.3","16.3","-21.6","11.0","","0129fa3c-d0b3-4de2-9706-678cf0aa490b"
"MEASA","2009","_Population","1078.1","","","","","d37e0ad3-b3aa-44af-b07e-96cb54094582"
"MEASA","2010","_Proportion","14.1","1.3","12.8","15.4","","65f1c015-f9ee-42c6-a79a-ee70e7de4793"
"MEASA","2010","_ChangeInProportion","0.1","1.7","-1.6","1.8","","7bb8498d-7453-491b-b119-48811a3305e4"
"MEASA","2010","_Number","152.5","14.4","138.1","166.9","","23b0158a-84c4-4e99-8f29-9dfbc98a6599"
"MEASA","2010","_ChangeInNumber","1.9","18.2","-16.3","20.1","","0f373288-6e7a-4629-b3c6-a77f0cf771e2"
"MEASA","2010","_Population","1082.6","","","","","989b6263-5cf8-414d-b4ee-cd937c3eb8a7"
"MEASA","2011","_Proportion","14.9","1.3","13.6","16.2","","289763cb-c493-4b83-913b-8612f88b5dca"
"MEASA","2011","_ChangeInProportion","0.8","1.7","-0.9","2.5","","4a3a0a32-deea-4d33-ae42-a9888aff9628"
"MEASA","2011","_Number","161.9","13.9","148.0","175.8","","3ba7374e-b213-4eef-8c11-55fb560a59e7"
"MEASA","2011","_ChangeInNumber","9.4","18.3","-8.9","27.7","","d551af39-b6f9-4f68-accb-87d7fb00ed08"
"MEASA","2011","_Population","1086.9","","","","","70352463-bda2-4316-87f9-5a3b927c07be"
"MEASA","2012","_Proportion","14.8","1.1","13.7","15.9","","bfc68209-6378-4dee-a254-1f4745f21c94"
"MEASA","2012","_ChangeInProportion","-0.1","1.7","-1.8","1.7","","a3f6bc1e-74e2-4e0d-856c-3ae52887d0b5"
"MEASA","2012","_Number","160.9","11.9","149.0","172.8","","2d9efc9f-afc1-44c2-823d-f31e8e00bb56"
"MEASA","2012","_ChangeInNumber","-1.0","18.8","-19.8","17.8","","1201fa16-9c7d-4fe9-affd-ffbbf2cb903c"
"MEASA","2012","_Population","1085.9","","","","","03d84091-af86-476c-a6d1-3c1cea623fff"
"MEASA","2013","_Proportion","15.6","1.2","14.4","16.7","","94f663fd-5210-441b-ba16-78b28200784e"
"MEASA","2013","_ChangeInProportion","0.8","1.5","-0.7","2.3","","90cb5584-d6aa-41d5-af15-340141513acd"
"MEASA","2013","_Number","169.0","12.6","156.4","181.6","","d8a7db7d-5557-4787-8b4d-dbe0fd10dff7"
"MEASA","2013","_ChangeInNumber","8.1","16.4","-8.3","24.5","","5a8752ef-6bfd-4670-bcec-c233f714cf4e"
"MEASA","2013","_Population","1084.7","","","","","fbde2a4a-03d4-491c-ba60-e2733377d124"
"MEASA","2014","_Proportion","14.5","1.1","13.4","15.7","","ec55bab2-f01a-4374-811d-8e09542e070d"
"MEASA","2014","_ChangeInProportion","-1.1","1.5","-2.6","0.5","","d56320ed-d5fa-4603-a569-d7481a5fd201"
"MEASA","2014","_Number","157.5","12.3","145.2","169.8","","3ff1180d-7178-4beb-a580-787a7eed6406"
"MEASA","2014","_ChangeInNumber","-11.5","16.7","-28.2","5.2","","38fb36ac-217a-4cdd-a342-f36da4820d81"
"MEASA","2014","_Population","1083.9","","","","","f5e21ef0-a042-41ec-85ae-80df99e6f2a1"
"MEASA","2015","_Proportion","16.3","1.1","15.2","17.4","","a5fecd53-2f29-45ab-9694-528c542fb7ec"
"MEASA","2015","_ChangeInProportion","1.8","1.7","0.1","3.5","","18951b08-934d-40de-b317-55eaeff5e690"
"MEASA","2015","_Number","177.2","12.2","165.0","189.4","","6e759504-58b6-487a-828d-e52a5abdfabd"
"MEASA","2015","_ChangeInNumber","19.7","18.3","1.4","38.0","","808b3472-6b97-4905-8f49-3ae191a9dcf5"
"MEASA","2015","_Population","1087.2","","","","","87a681af-6d7b-421d-bb25-368f73a48511"
"MEASA","2016","_Proportion","15.4","1.1","14.3","16.5","","61236255-044b-4c79-9975-4e7fff7283e5"
"MEASA","2016","_ChangeInProportion","-0.9","1.6","-2.5","0.7","","7ada28c7-f8e4-4dc8-83d6-cba309125c1f"
"MEASA","2016","_Number","168.3","11.9","156.5","180.2","","c7b14532-fe60-48ac-b9d6-7af66b04a640"
"MEASA","2016","_ChangeInNumber","-8.9","16.9","-25.8","8.0","","79d002a5-00cf-4cec-aedf-9a917be13f8b"
"MEASA","2016","_Population","1093.2","","","","","9c70ab46-e427-4d62-a0bb-5767508109a1"
"MEASA","2017","_Proportion","14.2","1.1","13.0","15.3","","4ab7a69f-bb69-4098-a647-d0d7e1a5864b"
"MEASA","2017","_ChangeInProportion","-1.2","1.6","-2.8","0.3","","ec331e67-b842-4ab1-9b96-e0fdf3c959f0"
"MEASA","2017","_Number","156.3","12.4","143.9","168.6","","e1d66b71-5ec9-4dd1-9493-e93ca6ca415a"
"MEASA","2017","_ChangeInNumber","-12.1","17.2","-29.3","5.1","","690a5c88-b1fd-4847-9727-365a90f097b6"
"MEASA","2017","_Population","1103.2","","","","","67e5a4a8-8e6f-4716-80ed-63e0984f7945"
"MEASA","2018","_Proportion","16.5","1.1","15.4","17.6","","f45d6ccf-0183-4ab4-80c1-fdaa465cac73"
"MEASA","2018","_ChangeInProportion","2.3","1.6","0.7","3.9","","387452a0-a460-443a-b0ff-43969fc5a2fd"
"MEASA","2018","_Number","183.4","12.2","171.2","195.6","","dece5993-c30b-487d-9696-0b42f13cfeb9"
"MEASA","2018","_ChangeInNumber","27.1","17.4","9.7","44.5","","f857b230-987d-4f53-872d-925b44074d2d"
"MEASA","2018","_Population","1113.3","","","","","ccea2eb2-515d-4b0a-9468-aa89f048a4b1"
"MEASA","2019","_Proportion","13.5","0.9","12.6","14.4","","2079ccd7-0bc1-4e27-93c5-941ebbc93fd7"
"MEASA","2019","_ChangeInProportion","-2.9","1.7","-4.7","-1.2","","ddf850d7-97c6-48c1-9d5d-21683b86cfba"
"MEASA","2019","_Number","153.2","10.1","143.2","163.3","","eda9573d-69f9-4074-8fcd-c465e01b8aed"
"MEASA","2019","_ChangeInNumber","-30.1","19.6","-49.7","-10.5","","37675b3e-d8f8-46a8-9f88-acca804d5b71"
"MEASA","2019","_Population","1132.8","","","","","fc857e81-af31-4112-ac18-17872d925493"
"MEASA","2020","_Proportion","13.2","1.2","12.0","14.5","","8446eb09-1ecc-494c-89b0-f3efb54354ee"
"MEASA","2020","_ChangeInProportion","-0.3","1.6","-1.9","1.2","","6a0a89ad-edd1-453a-b010-d67a3bdd3451"
"MEASA","2020","_Number","151.2","14.2","137.0","165.4","","defd1418-7d43-4524-8df5-96e921e35ecb"
"MEASA","2020","_ChangeInNumber","-2.1","17.8","-19.9","15.7","","98019f82-6c17-4151-a7e4-1531b3caa337"
"MEASA","2020","_Population","1144.1","","","","","d137c134-c836-46d9-abe5-48075db08ae2"
"MEASA","2021","_Proportion","13.0","1.2","11.8","14.2","","b78a2972-e151-486f-a7f8-faf3f3e67fe4"
"MEASA","2021","_ChangeInProportion","-0.2","1.6","-1.9","1.4","","eb08c1ba-97c2-4364-ad73-3060f9f5270e"
"MEASA","2021","_Number","149.1","13.8","135.3","162.9","","7afc9e55-2169-44fc-8be5-d2ad1f1b1eb9"
"MEASA","2021","_ChangeInNumber","-2.1","18.8","-20.9","16.7","","bb47d540-f2d1-47c2-946e-af8231df2126"
"MEASA","2021","_Population","1149.2","","","","","6e532ca2-8f60-4009-8838-da22c3669729"
"MEASA","2022","_Proportion","12.0","1.7","10.3","13.6","","5a5228d2-ec7d-4876-9a5a-e483b53e299e"
"MEASA","2022","_ChangeInProportion","-1.0","2.0","-3.0","1.0","","617c0edb-211c-427f-947c-fe890809c36e"
"MEASA","2022","_Number","137.8","19.2","118.6","157.1","","ceb9e280-c314-4f57-b158-80b9b7c37c15"
"MEASA","2022","_ChangeInNumber","-11.2","22.9","-34.1","11.6","","3a633cda-7287-479f-8ce4-13bbb8e9f9da"
"MEASA","2022","_Population","1150.7","","","","","18f8c3fb-38bd-4504-830b-e43cd5ebee53"
"MEASB","2007","_Proportion","","","","","A","ca80fd06-a845-4bd7-99a4-d40debed9317"
"MEASB","2007","_ChangeInProportion","","","","","A","06fcbfda-9433-4f5b-86d8-395c46a38e0a"
"MEASB","2007","_Number","","","","","A","045ddd74-7d7e-4101-b8da-5c2b1eadb001"
"MEASB","2007","_ChangeInNumber","","","","","A","77ad953d-c648-4a30-82bf-1bf3217ea784"
"MEASB","2007","_Population","","","","","A","e584b509-9361-4a34-ad0c-52531aa59fc6"
"MEASB","2008","_Proportion","","","","","A","5a406466-a717-49a2-94e7-702dba52f647"
"MEASB","2008","_ChangeInProportion","","","","","A","1ead7edb-cea9-449b-ba5f-646eb97ef84f"
"MEASB","2008","_Number","","","","","A","585bb8b6-087f-4981-896f-583b8e72718a"
"MEASB","2008","_ChangeInNumber","","","","","A","87a827ce-fd32-4196-a135-3dcd6e4a0b27"
"MEASB","2008","_Population","","","","","A","be254df2-9345-4971-b54b-5a248a41708c"
"MEASB","2009","_Proportion","30.5","3.0","27.5","33.4","","ecc0d45b-f1f6-42c0-b524-e02e27491ee6"
"MEASB","2009","_ChangeInProportion","","","","","A","90246063-6a5b-4ec9-b72b-31b41b534078"
"MEASB","2009","_Number","328.6","32.1","296.5","360.7","","5a91c79c-4501-4464-8f3e-21e7f2b21790"
"MEASB","2009","_ChangeInNumber","","","","","A","0a27ed85-53a6-4a0e-9eb2-19fbee5146a1"
"MEASB","2009","_Population","1078.1","","","","","829c0642-a3b0-47bf-8ff9-9103c91635ce"
"MEASB","2010","_Proportion","26.9","3.1","23.7","30.0","","0f040b12-bc72-40b5-a329-45f52d1cd26b"
"MEASB","2010","_ChangeInProportion","-3.6","4.5","-8.1","0.9","","3de71335-b6dd-4a52-b668-3ca846b29cd7"
"MEASB","2010","_Number","291.1","33.6","257.5","324.6","","a695a2f7-d75b-4e4e-bfc5-fa6108626b38"
"MEASB","2010","_ChangeInNumber","-37.5","48.0","-85.5","10.5","","bc62fe21-06d2-4867-a005-3797051883b5"
"MEASB","2010","_Population","1082.6","","","","","61579337-3e4b-4035-8136-a91a8c9c1a6c"
"MEASB","2011","_Proportion","30.9","3.4","27.5","34.2","","ff4be551-e34b-434d-954f-204765dcf032"
"MEASB","2011","_ChangeInProportion","4.0","4.6","-0.6","8.6","","69034219-ce03-4fb5-ad1f-02280108f06f"
"MEASB","2011","_Number","335.3","35.7","299.7","371.0","","fd0e9ce6-4dbb-4fcf-9462-56ff799447a1"
"MEASB","2011","_ChangeInNumber","44.2","49.0","-4.8","93.2","","c42b4910-9d54-4bc1-b8be-48ecd0d503f2"
"MEASB","2011","_Population","1086.9","","","","","fda597ad-379b-49a3-abee-3fb202d832fb"
"MEASB","2012","_Proportion","29.1","2.7","26.3","31.8","","ed9370ac-92af-480a-b761-d1b78dca6276"
"MEASB","2012","_ChangeInProportion","-1.8","4.4","-6.2","2.6","","1ddeef85-03f2-49b7-afaf-27455c0f4926"
"MEASB","2012","_Number","315.6","30.0","285.6","345.7","","7158f09a-d758-49c3-bfeb-d685224eca04"
"MEASB","2012","_ChangeInNumber","-19.7","47.4","-67.1","27.7","","631871ed-2a02-40cf-8113-6f5c87530475"
"MEASB","2012","_Population","1085.9","","","","","02a4d14e-08f0-4c81-9eca-bdccd442e1e2"
"MEASB","2013","_Proportion","26.9","2.6","24.3","29.5","","fe13709c-0cb5-4a57-a89f-12284d5fd9d6"
"MEASB","2013","_ChangeInProportion","-2.1","3.7","-5.8","1.6","","be479620-c3be-47b9-8167-a72bb1a67f33"
"MEASB","2013","_Number","292.3","28.3","264.0","320.5","","485bc826-55f6-40fe-872b-e20ad1e14d40"
"MEASB","2013","_ChangeInNumber","-23.3","40.1","-63.4","16.8","","1ecdd38c-1989-4cad-bd45-5f30b3ce4c55"
"MEASB","2013","_Population","1084.7","","","","","c8f9ec4c-7a68-4df3-8ad6-3dc773679aa6"
"MEASB","2014","_Proportion","27.3","2.9","24.4","30.2","","db6e4ae9-c8ee-4697-be0f-51bb098874c3"
"MEASB","2014","_ChangeInProportion","0.4","4.0","-3.6","4.4","","c79c0676-4d3a-4ad7-92fe-bef7b0229eff"
"MEASB","2014","_Number","295.9","31.0","264.9","326.9","","a3fdd45a-8aac-42ce-be64-88caee452bf1"
"MEASB","2014","_ChangeInNumber","3.6","43.3","-39.7","46.9","","ca0a6f9f-a850-4bbd-927e-c5cfaa30e296"
"MEASB","2014","_Population","1083.9","","","","","7e82d974-638b-4a60-8553-09e069b4d9c3"
"MEASB","2015","_Proportion","27.2","2.9","24.3","30.0","","7b36768c-89bb-47d3-b256-6f3a89d6a7bc"
"MEASB","2015","_ChangeInProportion","-0.1","3.8","-3.9","3.7","","915796bf-1c47-451a-9284-2157ac4e5a35"
"MEASB","2015","_Number","295.6","30.1","265.5","325.7","","fc8cff05-3034-4032-8bc2-6f9b13fe6108"
"MEASB","2015","_ChangeInNumber","-0.3","41.4","-41.7","41.1","","dd6809f9-0088-4f37-ae38-1366e1b721ac"
"MEASB","2015","_Population","1087.1","","","","","d273f806-762e-47c1-a260-b6b7dad87534"
"MEASB","2016","_Proportion","24.3","2.3","21.9","26.6","","5af0cf94-c6a3-4e26-9c80-751da79a03e0"
"MEASB","2016","_ChangeInProportion","-2.9","3.5","-6.4","0.6","","417bef6b-6716-4e26-ac01-f99d5f547153"
"MEASB","2016","_Number","265.4","25.8","239.6","291.2","","9e579e70-415f-4a91-8ece-a86acb619fa0"
"MEASB","2016","_ChangeInNumber","-30.2","37.8","-68.0","7.6","","0e7610b5-5890-4df0-81c1-b147df272ef9"
"MEASB","2016","_Population","1093.2","","","","","c5c9b218-c5d0-4cb4-88e6-204786f776a6"
"MEASB","2017","_Proportion","22.4","2.4","20.0","24.9","","46844d47-489b-4fcb-92fc-f9229f801fd3"
"MEASB","2017","_ChangeInProportion","-1.8","3.3","-5.1","1.5","","50e62f55-708d-47be-9784-52858544dac9"
"MEASB","2017","_Number","247.5","26.4","221.1","273.9","","6fd41480-f88e-4eaa-b5ff-19f2027d0759"
"MEASB","2017","_ChangeInNumber","-17.9","36.1","-54.0","18.2","","dc3ec0f1-414d-469d-9188-aedbfefd1c47"
"MEASB","2017","_Population","1103.2","","","","","e48359b9-d77a-4a4f-8e37-886ae3876822"
"MEASB","2018","_Proportion","22.8","1.9","20.9","24.7","","5ea16e0a-d744-4464-b358-e94a20b1ae8e"
"MEASB","2018","_ChangeInProportion","0.4","2.8","-2.4","3.2","","8b82bf1d-4f35-48e8-8b62-591b32701d45"
"MEASB","2018","_Number","253.8","21.6","232.3","275.4","","829108cf-1b78-4fcd-b5c4-8ecbdd39a951"
"MEASB","2018","_ChangeInNumber","6.3","31.0","-24.7","37.3","","1c42c686-4900-4c23-bbce-7fd2fb0aacda"
"MEASB","2018","_Population","1113.3","","","","","a1aa2562-1493-4406-b7bf-1509673308e6"
"MEASB","2019","_Proportion","18.3","1.1","17.2","19.5","","fab40115-f1c9-4b03-a806-35e740e85ccd"
"MEASB","2019","_ChangeInProportion","-4.5","2.4","-6.9","-2.0","","2025a922-829b-4b74-b8a8-4f58f1d89334"
"MEASB","2019","_Number","207.7","12.9","194.9","220.6","","77851103-0adf-4a2f-a9a2-1716a75a3f86"
"MEASB","2019","_ChangeInNumber","-46.1","27.4","-73.5","-18.7","","6f648e74-f747-4c6a-b8fe-9c2fa74c0a9e"
"MEASB","2019","_Population","1132.8","","","","","0ee9cc2c-21d9-4d36-8159-8c047e67ee65"
"MEASB","2020","_Proportion","17.8","1.3","16.5","19.1","","4929653e-fd44-4558-8d06-d05f28a8a935"
"MEASB","2020","_ChangeInProportion","-0.6","1.7","-2.3","1.2","","9b39dd57-908f-4baa-bc00-974667936788"
"MEASB","2020","_Number","203.3","15.0","188.3","218.4","","c9213e24-085e-4b9f-b322-3c0ffabb4e19"
"MEASB","2020","_ChangeInNumber","-4.4","19.9","-24.3","15.5","","e0dda2a6-40cc-4b1c-9e9b-0fdf92bc2ff8"
"MEASB","2020","_Population","1144.1","","","","","01f66fee-776a-45fa-bbdf-145629047150"
"MEASB","2021","_Proportion","15.0","1.2","13.8","16.1","","795b2465-3525-4b38-87a7-fbef248fd276"
"MEASB","2021","_ChangeInProportion","-2.8","1.7","-4.5","-1.1","","95e2cf87-66c0-4b82-9652-80c1d3b06f86"
"MEASB","2021","_Number","172.0","13.3","158.7","185.3","","cdafa082-8752-4e3e-ac40-70b29bea8f5f"
"MEASB","2021","_ChangeInNumber","-31.4","19.6","-51.0","-11.8","","c5e617ee-b445-481b-91b9-dd021c8c42a4"
"MEASB","2021","_Population","1149.2","","","","","f6654cf4-2689-4cb0-890a-28fa57cb0f39"
"MEASB","2022","_Proportion","15.4","1.9","13.4","17.3","","ab9019ad-ba9d-49f0-9272-288190851451"
"MEASB","2022","_ChangeInProportion","0.4","2.2","-1.8","2.6","","3ad9c888-88a3-458d-9d3f-d30fdcd35447"
"MEASB","2022","_Number","176.8","22.2","154.6","198.9","","1b2ec1d0-c5f9-46cc-9165-eda782e8a211"
"MEASB","2022","_ChangeInNumber","4.8","25.8","-21.0","30.6","","ddf044a7-df17-42e2-b4e3-f9647da83159"
"MEASB","2022","_Population","1150.7","","","","","10b7186a-d25f-4319-8d8c-14ea3c3e8f5d"
"MEASC","2007","_Proportion","","","","","A","a7685043-76c7-40a9-9f57-ac723647a3bd"
"MEASC","2007","_ChangeInProportion","","","","","A","8b281a12-cc5c-45a2-912f-5cb9d0b2c598"
"MEASC","2007","_Number","","","","","A","1a013697-1965-4a85-a4f3-81b842d9b095"
"MEASC","2007","_ChangeInNumber","","","","","A","92be6133-c089-4644-a3da-a7d7b76bf680"
"MEASC","2007","_Population","","","","","A","156d96f9-c120-4706-8e10-ddd194be95fc"
"MEASC","2008","_Proportion","","","","","A","3284dab4-65e6-4050-bf8b-6d08c0cf6ad7"
"MEASC","2008","_ChangeInProportion","","","","","A","2a2e29ee-b0fc-41fa-b221-660de6f94c65"
"MEASC","2008","_Number","","","","","A","45c9148e-5d11-4596-85f9-55522c2ee471"
"MEASC","2008","_ChangeInNumber","","","","","A","14132348-913e-4abd-98fa-bd66b346f3d8"
"MEASC","2008","_Population","","","","","A","00dd5992-d53b-4dd4-bd93-0e21814814ca"
"MEASC","2009","_Proportion","","","","","A","55a9c75a-9ce8-4a0b-9adf-08783a069c79"
"MEASC","2009","_ChangeInProportion","","","","","A","8bd3b067-d751-42b3-9274-665f2e855c06"
"MEASC","2009","_Number","","","","","A","c8b2de37-4da6-4ec6-8ce7-05743f2437c2"
"MEASC","2009","_ChangeInNumber","","","","","A","133e7880-459a-4c9f-88a1-6a490b2606e3"
"MEASC","2009","_Population","","","","","A","f18f5438-e0c4-4a02-ab17-95cac5f6b64b"
"MEASC","2010","_Proportion","","","","","A","1596bb19-89d8-421e-b920-887593bdf53a"
"MEASC","2010","_ChangeInProportion","","","","","A","4fb7f451-5721-4eaf-9cdc-0db5ce350c17"
"MEASC","2010","_Number","","","","","A","5d73d9e4-218a-4623-9be6-5b51fe2d3039"
"MEASC","2010","_ChangeInNumber","","","","","A","1b8e5042-4adf-4477-97e1-7ea09c881448"
"MEASC","2010","_Population","","","","","A","8fcb637e-2d90-4f1e-bf7f-ba233210ecb3"
"MEASC","2011","_Proportion","","","","","A","c689acc4-5d1d-4f4d-abba-87b979c0f2c4"
"MEASC","2011","_ChangeInProportion","","","","","A","ecc0d5e3-45bb-4209-8034-183d9f001db3"
"MEASC","2011","_Number","","","","","A","351c1c4d-8c8c-4e3d-b99f-dc1fa04915b7"
"MEASC","2011","_ChangeInNumber","","","","","A","0f1984f8-924f-4c96-976b-65f82af3b7ff"
"MEASC","2011","_Population","","","","","A","d6d8ff04-6620-41c8-8990-8a7f8190ca6f"
"MEASC","2012","_Proportion","","","","","A","25188177-5e27-4aee-9eac-133a178c4578"
"MEASC","2012","_ChangeInProportion","","","","","A","f42538ac-2773-4a89-87c2-e9a07898e04a"
"MEASC","2012","_Number","","","","","A","5c88195e-40c5-41d2-8b66-e6c61e7c947a"
"MEASC","2012","_ChangeInNumber","","","","","A","339d3d09-791a-4e9f-bcd0-6c5efb295d0f"
"MEASC","2012","_Population","","","","","A","7684153a-1231-4286-9061-62c6998536c8"
"MEASC","2013","_Proportion","18.1","4.3","13.8","22.3","","98ded33f-7e0c-49cf-9c71-f0d76d559972"
"MEASC","2013","_ChangeInProportion","","","","","A","1386d51e-0c75-4bef-b24a-5896fbb3d28a"
"MEASC","2013","_Number","195.8","46.2","149.6","242.0","","bb4afb97-566d-43d4-996e-ba3dd7c1e7e2"
"MEASC","2013","_ChangeInNumber","","","","","A","4570df01-5c5d-4309-8a9e-9aa94e802c1f"
"MEASC","2013","_Population","1084.7","","","","","64f0ac22-b6c5-4c9a-89a8-5a1c31cf7860"
"MEASC","2014","_Proportion","16.0","3.8","12.1","19.8","","72ce5aba-e643-4da5-8dd0-f0a34d030311"
"MEASC","2014","_ChangeInProportion","-2.1","6.0","-8.1","3.9","","584f5ed2-a591-40a6-9ba9-6a02e711d249"
"MEASC","2014","_Number","172.9","41.4","131.5","214.4","","19404439-d57c-40a9-86d3-e2ef2f00c529"
"MEASC","2014","_ChangeInNumber","-22.9","65.2","-88.1","42.3","","fd3ad8b7-4e97-4060-b66d-7b833cb772c0"
"MEASC","2014","_Population","1083.9","","","","","60a8bb41-767b-4a11-ad54-c0e30833a7f8"
"MEASC","2015","_Proportion","17.5","4.3","13.2","21.8","","89f584ad-b857-4842-abb4-c9d7bad6ec7e"
"MEASC","2015","_ChangeInProportion","1.6","6.1","-4.6","7.7","","5580a94a-0107-4b52-9789-f3b8f209c859"
"MEASC","2015","_Number","190.4","46.3","144.1","236.7","","172ae87d-54b1-4268-b18d-45091a7bf9c9"
"MEASC","2015","_ChangeInNumber","17.5","66.0","-48.5","83.5","","7426c1db-ac2d-4b11-abc5-99b2f0e120d0"
"MEASC","2015","_Population","1087.1","","","","","798f501b-7d4d-45b1-a9de-968309b638a2"
"MEASC","2016","_Proportion","12.1","3.6","8.5","15.7","","f6de7902-3788-4da9-8518-e037eb073574"
"MEASC","2016","_ChangeInProportion","-5.4","5.8","-11.3","0.4","","4e3eba94-d6f8-4bbc-893e-d50f692609d7"
"MEASC","2016","_Number","132.3","39.2","93.2","171.5","","acdd379f-cdcd-44fe-a0af-5d567c93fa01"
"MEASC","2016","_ChangeInNumber","-58.1","63.5","-121.6","5.4","","c8b2b4ec-f98c-4686-8deb-9f80893b2575"
"MEASC","2016","_Population","1093.2","","","","","370e8a46-cc3b-44bf-bbe9-59826a8c3771"
"MEASC","2017","_Proportion","12.7","2.4","10.2","15.1","","22d349f6-6563-48fc-9958-0143bae2d879"
"MEASC","2017","_ChangeInProportion","0.5","4.6","-4.1","5.2","","dfd4c8b0-fa8c-4ade-9c79-13638a75bfc1"
"MEASC","2017","_Number","139.6","26.5","113.1","166.1","","67f54c21-bdd3-461b-802c-94e202adb8c8"
"MEASC","2017","_ChangeInNumber","7.3","50.3","-43.0","57.6","","42d31bc2-f8e3-4028-869e-66b5c2f1ebdb"
"MEASC","2017","_Population","1103.2","","","","","a138a260-ce36-4aa7-bfcd-47ace8ebfbd1"
"MEASC","2018","_Proportion","13.3","2.3","11.0","15.5","","c52e1505-b6cb-4cb3-9379-77eb3f6f1827"
"MEASC","2018","_ChangeInProportion","0.6","3.5","-2.9","4.1","","aee5279f-2aa1-4a91-b7f8-e8ffb3fb594c"
"MEASC","2018","_Number","147.6","25.1","122.4","172.7","","6897237a-71a9-4cb1-bc66-5328fd839fcb"
"MEASC","2018","_ChangeInNumber","8.0","38.2","-30.2","46.2","","bf55fbc1-a716-43da-a280-bb9eef744d91"
"MEASC","2018","_Population","1113.3","","","","","1bcb3152-c7bc-4feb-994a-42e7ed2acdee"
"MEASC","2019","_Proportion","13.2","1.1","12.1","14.3","","0b9c6594-016a-485b-b258-a1cd4d8485f8"
"MEASC","2019","_ChangeInProportion","-0.1","2.6","-2.6","2.5","","dfbfdcae-1b1e-4683-abd1-8e9401fe925d"
"MEASC","2019","_Number","149.4","12.2","137.2","161.6","","19aad78f-32bb-47a3-9621-3a9c7640b809"
"MEASC","2019","_ChangeInNumber","1.8","28.7","-26.9","30.5","","3d290151-6e49-4391-9263-38e88cddaca9"
"MEASC","2019","_Population","1132.2","","","","","2c0f3ca5-0533-460a-9b42-635b44203fc2"
"MEASC","2020","_Proportion","11.5","1.1","10.5","12.6","","81787d63-51cd-4e8a-8085-6874baa3109c"
"MEASC","2020","_ChangeInProportion","-1.7","1.5","-3.1","-0.2","","0564e45d-e83f-4304-8c17-98c30681a4c6"
"MEASC","2020","_Number","131.7","12.2","119.5","143.9","","6611ab75-e5a7-4e9e-a2b0-4437a033ec01"
"MEASC","2020","_ChangeInNumber","-17.7","16.7","-34.5","-1.0","","5169899a-8296-4239-861e-78c2e9c210da"
"MEASC","2020","_Population","1142.3","","","","","9652940f-adfd-490e-be63-12d476ade142"
"MEASC","2021","_Proportion","11.0","1.0","10.0","11.9","","4e0742ec-72d3-432e-ab91-afe3bb1f6949"
"MEASC","2021","_ChangeInProportion","-0.6","1.4","-1.9","0.8","","d661f849-5460-4399-8374-065158a172a1"
"MEASC","2021","_Number","125.7","11.1","114.6","136.8","","1044e31b-7822-44a3-9817-3948472bcfe4"
"MEASC","2021","_ChangeInNumber","-6.0","15.7","-21.7","9.7","","43c3e0c2-1635-41d3-a6a5-bc738af97fb1"
"MEASC","2021","_Population","1146.9","","","","","3e434409-6c45-4cf7-8c1e-c5fcc3bb4157"
"MEASC","2022","_Proportion","10.3","1.6","8.8","11.9","","3ae1fd0f-db7e-4bb3-9b45-a5486cd6d0dc"
"MEASC","2022","_ChangeInProportion","-0.6","1.8","-2.5","1.2","","b9f9c89a-3b3a-41a3-8496-b26b96b8dd1b"
"MEASC","2022","_Number","118.9","18.2","100.7","137.0","","4a3639e7-9c40-4290-b1e6-e1991bd5a07f"
"MEASC","2022","_ChangeInNumber","-6.8","21.1","-27.9","14.3","","1abf08e7-35d4-4058-9efc-994e13d13a0b"
"MEASC","2022","_Population","1149.6","","","","","cddf5bba-7ddd-41a7-8596-767d49195546"
"MEASE","2007","_Proportion","23.9","1.5","22.4","25.5","","132ca08e-4177-4525-bd31-03485d773383"
"MEASE","2007","_ChangeInProportion","","","","","A","2b9d1cba-fd39-4b88-9f7a-c26c48a0c2be"
"MEASE","2007","_Number","256.8","16.5","240.3","273.3","","16237b6e-9c80-4b9d-ac23-a6f7fa521715"
"MEASE","2007","_ChangeInNumber","","","","","A","beb16d70-c557-4306-8e16-8c7845031218"
"MEASE","2007","_Population","1073.4","","","","","b4aaf3a1-efe5-40a7-b744-c3380a75db13"
"MEASE","2008","_Proportion","23.4","1.3","22.0","24.7","","744936dc-9bb6-4999-be2d-0f6ac4b7af16"
"MEASE","2008","_ChangeInProportion","-0.5","2.0","-2.5","1.5","","0b406d0e-c9fb-42f1-912d-71107aef25a4"
"MEASE","2008","_Number","251.8","14.5","237.3","266.3","","ef933828-20be-4d4e-86c1-829c8d6c4474"
"MEASE","2008","_ChangeInNumber","-5.0","21.4","-26.4","16.4","","828612ed-4ed2-4bcb-a43f-349ee06a3cca"
"MEASE","2008","_Population","1076.5","","","","","f8f6464e-4fd1-44d6-9162-dd2d9b8ced1c"
"MEASE","2009","_Proportion","22.2","1.3","20.9","23.5","","0abce667-6943-4924-8a1a-136b99b64048"
"MEASE","2009","_ChangeInProportion","-1.2","1.8","-3.0","0.6","","a407c5fb-775e-4378-8188-18a876826ab3"
"MEASE","2009","_Number","239.5","14.2","225.4","253.7","","8c3e36fe-a528-4ab1-a98e-70a38f3c963d"
"MEASE","2009","_ChangeInNumber","-12.3","19.4","-31.7","7.1","","068e2931-2ba5-462f-a0e7-0d95c7c3adc6"
"MEASE","2009","_Population","1078.1","","","","","196dda64-6e8d-4815-ad7c-a99f6f762566"
"MEASE","2010","_Proportion","22.4","1.5","20.9","23.9","","90fe4acd-2dd5-490b-afb9-e30167b74508"
"MEASE","2010","_ChangeInProportion","0.2","1.9","-1.7","2.1","","6e355b92-4b20-4277-8062-c86de5b504d9"
"MEASE","2010","_Number","242.4","16.3","226.2","258.7","","a7970614-7c3c-408c-98c5-0c6b9e2964bf"
"MEASE","2010","_ChangeInNumber","2.9","20.5","-17.6","23.4","","ed5f5a12-d3d9-4b7f-89e0-c33d24bbb449"
"MEASE","2010","_Population","1082.6","","","","","e9fa7dd4-7dd2-4acc-912e-9e6a1e3397c2"
"MEASE","2011","_Proportion","23.3","1.5","21.8","24.8","","b6d2d6d4-a82d-4402-ac5d-a4261696ea0f"
"MEASE","2011","_ChangeInProportion","0.9","2.0","-1.0","2.9","","2e493ed0-9a03-43a6-8a31-6760f966e135"
"MEASE","2011","_Number","253.4","16.2","237.2","269.7","","90d4f2a9-9314-4e6d-a702-f9417082721f"
"MEASE","2011","_ChangeInNumber","11.0","21.3","-10.3","32.3","","49ea7401-1bbc-40a6-807c-8f3f0a28ce82"
"MEASE","2011","_Population","1086.9","","","","","9b2f047b-f128-4c10-8382-fb384a04b94a"
"MEASE","2012","_Proportion","23.3","1.3","22.0","24.6","","cc50aeb4-35a6-4d4f-9740-f6c73747afd1"
"MEASE","2012","_ChangeInProportion","0.0","2.2","-2.2","2.1","","7e160bfe-2623-4318-b47c-8499a29e9497"
"MEASE","2012","_Number","252.8","13.9","238.9","266.7","","26d6d88c-73dd-43b9-8b66-06d64750db22"
"MEASE","2012","_ChangeInNumber","-0.6","23.5","-24.1","22.9","","f51e4a7b-70dd-4d02-87e4-871fbb786235"
"MEASE","2012","_Population","1085.9","","","","","54371e31-cf7f-45f8-a84b-a57db8d5dc44"
"MEASE","2013","_Proportion","23.6","1.4","22.2","24.9","","b164e001-538b-472a-911b-024304555a65"
"MEASE","2013","_ChangeInProportion","0.3","1.7","-1.5","2.0","","07a55315-08b4-49a5-b27b-cc4eb0798ddf"
"MEASE","2013","_Number","255.5","14.8","240.6","270.3","","bdc4e639-4cbc-4cb8-82ab-43ed5d6f936d"
"MEASE","2013","_ChangeInNumber","2.7","18.9","-16.2","21.6","","949e7359-6593-4a65-bc45-d635f510ebbe"
"MEASE","2013","_Population","1084.7","","","","","2e4f18b1-195c-4122-9ee0-5f2d48aefb40"
"MEASE","2014","_Proportion","23.4","1.3","22.1","24.7","","f8263c12-8f32-4c3d-83ab-96820d14456b"
"MEASE","2014","_ChangeInProportion","-0.1","1.9","-2.0","1.8","","95fe65ef-1142-4ec5-a504-fc3980272fe5"
"MEASE","2014","_Number","253.9","14.3","239.6","268.1","","6022ed76-9952-4fbd-b302-e7af25e41213"
"MEASE","2014","_ChangeInNumber","-1.6","20.4","-22.0","18.8","","0dab6258-5da2-4aab-a39c-5616b4a9388f"
"MEASE","2014","_Population","1083.9","","","","","abc1303f-b935-404f-9fa2-469627b1b38a"
"MEASE","2015","_Proportion","24.6","1.3","23.4","25.9","","794d6c73-e941-4c7e-bc75-59755aaecdbc"
"MEASE","2015","_ChangeInProportion","1.2","1.8","-0.6","3.0","","fa5f4775-74df-4066-9af2-1d88cbc8be75"
"MEASE","2015","_Number","267.9","13.9","254.0","281.8","","253335bf-e6cd-41d3-a3f1-41d3c1fa2704"
"MEASE","2015","_ChangeInNumber","14.0","19.6","-5.6","33.6","","17a699bc-d3d3-48dc-a7b3-2bf2fd5f7931"
"MEASE","2015","_Population","1087.2","","","","","0fba56a5-2079-402e-bb30-2b7a4ca1a648"
"MEASE","2016","_Proportion","23.3","1.2","22.0","24.5","","51de3d36-79b0-441e-ba60-4ee7e0f2c3be"
"MEASE","2016","_ChangeInProportion","-1.4","1.7","-3.1","0.3","","45156363-2acc-4d01-ba2b-c828ae86c2f9"
"MEASE","2016","_Number","254.4","13.5","240.9","267.8","","cb4b5a7a-9bcb-4644-8f44-a1d5575f1486"
"MEASE","2016","_ChangeInNumber","-13.5","18.7","-32.2","5.2","","369bb303-c5bc-4eb1-a802-23a11bb93626"
"MEASE","2016","_Population","1093.2","","","","","42a38ef1-3056-4b2b-ada3-203b4a0808d3"
"MEASE","2017","_Proportion","22.1","1.3","20.7","23.4","","ffb3a1d7-a6ae-4be5-91ef-1ed52864a023"
"MEASE","2017","_ChangeInProportion","-1.2","1.9","-3.1","0.6","","6694256d-b1e4-4f0b-aada-475512c0567f"
"MEASE","2017","_Number","243.3","14.4","228.9","257.7","","a02f135f-5b62-4ca4-a180-bbd2d856c6ed"
"MEASE","2017","_ChangeInNumber","-11.1","20.3","-31.4","9.2","","a868e52f-7b5f-4086-a270-b1c24feb9dac"
"MEASE","2017","_Population","1103.2","","","","","53d5690f-25bd-464e-b10e-97f34f4f0207"
"MEASE","2018","_Proportion","25.3","1.2","24.0","26.5","","e207c5e7-8d14-41c6-a7cd-0375a2e6c1de"
"MEASE","2018","_ChangeInProportion","3.2","1.8","1.4","5.0","","af6cdc7a-7ee7-439d-9499-0b1d01bddbf9"
"MEASE","2018","_Number","281.2","13.6","267.6","294.9","","47b6899c-d21b-443a-9886-aad9481ca23e"
"MEASE","2018","_ChangeInNumber","37.9","20.3","17.6","58.2","","97aa5b95-31b6-41a2-94fc-84f5d9a6a69c"
"MEASE","2018","_Population","1113.3","","","","","879ae5be-b7d3-47cc-8838-c766dd470f82"
"MEASE","2019","_Proportion","22.1","1.1","21.0","23.2","","85634be9-a74c-4550-99ce-a596d4c2f6fc"
"MEASE","2019","_ChangeInProportion","-3.2","1.8","-4.9","-1.4","","1ea3b8c5-6f71-4fe3-baa2-f0c8817cbbfb"
"MEASE","2019","_Number","250.3","12.6","237.7","262.8","","0a627abe-a3f2-4239-9165-d927e0d822a9"
"MEASE","2019","_ChangeInNumber","-30.9","19.7","-50.6","-11.2","","13e0476f-1d82-4f08-9ddc-5aaedfe827f9"
"MEASE","2019","_Population","1132.8","","","","","646e09e0-832d-484d-b676-380c9966a16d"
"MEASE","2020","_Proportion","21.8","1.5","20.3","23.2","","36ecfae4-8406-4ad8-9e59-a8a609a543c7"
"MEASE","2020","_ChangeInProportion","-0.3","1.9","-2.3","1.6","","9b6f8637-fdae-42f5-9d0a-4da7e4118567"
"MEASE","2020","_Number","248.9","16.9","232.0","265.7","","9b504194-72d7-4cc7-83a5-7cf814a0262c"
"MEASE","2020","_ChangeInNumber","-1.4","21.8","-23.2","20.4","","48b8731a-2709-478a-b441-cb40ade52dbc"
"MEASE","2020","_Population","1144.1","","","","","01cb6f84-7997-4c54-b944-55457b4078ad"
"MEASE","2021","_Proportion","20.7","1.3","19.3","22.0","","8dc4916e-38a1-463d-bf11-f678937cb111"
"MEASE","2021","_ChangeInProportion","-1.1","1.8","-2.9","0.7","","92359a9c-3b63-4c11-998b-e7fc918fe374"
"MEASE","2021","_Number","237.3","15.4","221.9","252.8","","bb4d3ab3-518b-4d22-9b55-37244423cd46"
"MEASE","2021","_ChangeInNumber","-11.6","20.6","-32.1","9.0","","487ce5cd-082e-452e-a7bb-1aed2cd50d58"
"MEASE","2021","_Population","1149.2","","","","","701fd335-279f-4089-af2b-9c9271b67845"
"MEASE","2022","_Proportion","20.7","2.1","18.6","22.8","","69766816-c9e5-4a03-b757-d9a39f917d6e"
"MEASE","2022","_ChangeInProportion","0.1","2.3","-2.2","2.4","","c9afd274-cc90-4de8-a86d-3445de2b206c"
"MEASE","2022","_Number","238.7","24.1","214.6","262.9","","92f8de4e-a84b-4ea4-83ac-f7167da372cb"
"MEASE","2022","_ChangeInNumber","1.4","26.8","-25.4","28.2","","c69f71e9-109a-4960-b006-8a0e4ec7b040"
"MEASE","2022","_Population","1150.7","","","","","734c292c-ca70-40e0-a78f-5a07bc7de0ff"
"MEASF","2007","_Proportion","29.3","2.9","26.4","32.2","","aec2bb22-6381-4662-911f-71b404f70ca8"
"MEASF","2007","_ChangeInProportion","","","","","A","1324b915-1121-4002-8431-60cf0055b930"
"MEASF","2007","_Number","314.2","31.2","283.0","345.4","","6eec6ad3-1352-4df5-828d-7c0425d3021b"
"MEASF","2007","_ChangeInNumber","","","","","A","eda91bc8-b93f-4a90-a128-c809d59c2952"
"MEASF","2007","_Population","1073.4","","","","","7b2f9e88-988c-4ad2-a8e3-d56ffc403a4d"
"MEASF","2008","_Proportion","33.0","3.4","29.6","36.4","","1c8db9e6-df28-4752-95bd-70b97bfdb821"
"MEASF","2008","_ChangeInProportion","3.7","4.7","-0.9","8.4","","456a35d7-59e5-405b-a3fc-72201911f570"
"MEASF","2008","_Number","355.2","36.4","318.8","391.7","","76beb854-c5e7-4ece-bd6d-1eeded90885b"
"MEASF","2008","_ChangeInNumber","41.0","49.6","-8.6","90.6","","ab88002a-c2c9-489b-ab1b-9deadfdcc740"
"MEASF","2008","_Population","1076.5","","","","","6d29c642-30ce-400b-be2d-5ca7e890ac82"
"MEASF","2009","_Proportion","31.4","3.1","28.4","34.5","","d28c54cf-ab30-4cbc-a410-e5a1a58e5fa2"
"MEASF","2009","_ChangeInProportion","-1.6","4.6","-6.2","3.0","","0f68702d-2674-45a9-bdb3-d4ce9e9e1238"
"MEASF","2009","_Number","338.7","33.2","305.5","371.8","","f4cdaa8a-6d10-489e-94a6-b13e1c3620dd"
"MEASF","2009","_ChangeInNumber","-16.5","50.0","-66.5","33.5","","095e1ab3-b401-4329-9fbc-ad0658567f13"
"MEASF","2009","_Population","1078.1","","","","","6fe81d18-e290-4ef1-a292-034ba2945198"
"MEASF","2010","_Proportion","29.7","2.6","27.1","32.4","","4c4ee3bc-63ec-4137-b11e-dddf687314d5"
"MEASF","2010","_ChangeInProportion","-1.7","4.0","-5.7","2.3","","c6ed02b1-b5e0-4b5f-868c-f3217eeadb13"
"MEASF","2010","_Number","321.9","28.5","293.4","350.5","","64071563-4853-4883-8e70-b1aaaa052c80"
"MEASF","2010","_ChangeInNumber","-16.8","43.0","-59.8","26.2","","85942e3b-b5bb-4d1b-94bf-5921d7571f70"
"MEASF","2010","_Population","1082.6","","","","","d9be2a9d-9c89-4f3f-a1e5-8c061bcd249c"
"MEASF","2011","_Proportion","30.2","3.1","27.1","33.3","","89bf7bd9-7535-4db8-9c2b-40a7ca398123"
"MEASF","2011","_ChangeInProportion","0.5","4.1","-3.6","4.5","","38a76c2b-d39b-4fa9-bb6a-1089236a1964"
"MEASF","2011","_Number","328.1","32.8","295.3","360.9","","d97c4223-a576-4f44-b886-30ca83734b26"
"MEASF","2011","_ChangeInNumber","6.2","43.6","-37.4","49.8","","724f506b-145a-44ee-8399-b1862e2ca9f3"
"MEASF","2011","_Population","1086.9","","","","","a3942e17-dea1-4fea-a5bc-651ff22b7e54"
"MEASF","2012","_Proportion","28.9","2.7","26.2","31.7","","d8c641b7-865c-4544-9e33-cf7c9d54e750"
"MEASF","2012","_ChangeInProportion","-1.2","4.2","-5.4","2.9","","0cc2e5fb-e34d-49d0-9f33-bddb52828df1"
"MEASF","2012","_Number","314.3","30.1","284.2","344.4","","e4a11afa-a5cf-4eff-87ff-11e01c1b17f4"
"MEASF","2012","_ChangeInNumber","-13.8","44.8","-58.6","31.0","","f0847d85-75af-4c89-9754-090bb7c9b8f4"
"MEASF","2012","_Population","1085.9","","","","","5a8d26eb-ee39-46ed-a312-92b9fc8e3122"
"MEASF","2013","_Proportion","29.3","3.0","26.4","32.3","","e155529d-9dcf-4ef2-b1ed-c3120777051e"
"MEASF","2013","_ChangeInProportion","0.4","4.2","-3.8","4.6","","b2eb82f6-768e-4151-8903-9c9e87010e0f"
"MEASF","2013","_Number","318.3","32.1","286.1","350.4","","d39f5682-c54f-4c9e-bdea-4f672e37a26f"
"MEASF","2013","_ChangeInNumber","4.0","45.5","-41.5","49.5","","730015a5-b8c5-4aac-b59d-e88ec4edf4e3"
"MEASF","2013","_Population","1084.7","","","","","db61d400-4600-4074-b2f5-282ff3d14898"
"MEASF","2014","_Proportion","29.3","2.9","26.4","32.2","","f85b0050-9e69-48eb-bede-0d52c14d82b9"
"MEASF","2014","_ChangeInProportion","0.0","4.2","-4.3","4.2","","fc61f0ad-f860-41b1-9e14-994214c431fc"
"MEASF","2014","_Number","317.8","31.8","285.9","349.6","","01d5bfad-73e7-49a0-9a07-d42e6f3dc007"
"MEASF","2014","_ChangeInNumber","-0.5","46.1","-46.6","45.6","","a3acfc99-9053-48d9-b1b7-592d7388714e"
"MEASF","2014","_Population","1083.9","","","","","6ffbd3d7-979b-4697-8b10-33085e0524e5"
"MEASF","2015","_Proportion","30.5","3.3","27.2","33.7","","0f593946-4883-4d3f-8b12-697277e8db7f"
"MEASF","2015","_ChangeInProportion","1.1","4.3","-3.1","5.4","","65646834-3275-4c37-9975-04bc75a501d3"
"MEASF","2015","_Number","331.2","34.3","296.9","365.4","","7833eb90-ab36-4aee-bb89-95481d46690d"
"MEASF","2015","_ChangeInNumber","13.4","46.0","-32.6","59.4","","52900565-1f27-4aa9-ac8e-02b0f46eaef3"
"MEASF","2015","_Population","1087.1","","","","","a98364e0-6d06-4af1-9f3b-df0f24dd2b57"
"MEASF","2016","_Proportion","29.8","2.4","27.4","32.2","","58b31f6d-fe6f-4834-8b06-236791144468"
"MEASF","2016","_ChangeInProportion","-0.7","3.8","-4.5","3.1","","7600aac9-b77f-4b96-9664-1d47f0852d95"
"MEASF","2016","_Number","325.7","26.7","299.0","352.4","","2eff37f3-be04-4b55-87ce-72b0c8e91681"
"MEASF","2016","_ChangeInNumber","-5.5","40.5","-46.0","35.0","","351bcc63-2254-448d-9735-7a001a8c2aec"
"MEASF","2016","_Population","1093.2","","","","","69238716-8cae-4f80-8b04-e8419477ea94"
"MEASF","2017","_Proportion","28.4","2.6","25.8","31.0","","a7500d5b-ccff-4cee-98ee-7d05ca3e8f27"
"MEASF","2017","_ChangeInProportion","-1.4","3.7","-5.0","2.3","","efddfdb7-fcb3-4c08-85c7-527d8d0d1a12"
"MEASF","2017","_Number","313.6","28.3","285.3","342.0","","f59aceea-f14e-443f-8ed5-27b3fc0cd53d"
"MEASF","2017","_ChangeInNumber","-12.1","39.8","-51.9","27.7","","76ba5fe1-11a8-415c-ad86-35bd1904ddfc"
"MEASF","2017","_Population","1103.2","","","","","4fd44f0b-fdde-4da0-905f-f00f0fdfb1f0"
"MEASF","2018","_Proportion","30.6","2.4","28.3","33.0","","da2798fd-95d5-441c-9106-fa583002643d"
"MEASF","2018","_ChangeInProportion","2.2","3.2","-1.0","5.4","","4fa2c682-18a7-466c-8ba9-43f6e918e833"
"MEASF","2018","_Number","341.1","26.5","314.6","367.7","","e18d189f-038f-491c-9139-57b2dbacba1d"
"MEASF","2018","_ChangeInNumber","27.5","35.3","-7.8","62.8","","9efe9e49-4f3a-4a8e-a137-c8f39144f905"
"MEASF","2018","_Population","1113.3","","","","","7439dbca-c517-4a45-adbb-5d3cd0df5161"
"MEASF","2019","_Proportion","27.7","1.2","26.5","28.8","","feba9c07-97c0-4916-8883-35d68fcf1813"
"MEASF","2019","_ChangeInProportion","-3.0","3.1","-6.05","0.1","","ae35c352-9922-41af-a204-ca4d71ed2e0a"
"MEASF","2019","_Number","313.2","13.5","299.7","326.8","","1e945fac-a2ae-4304-92da-650d92ae8813"
"MEASF","2019","_ChangeInNumber","-27.9","34.7","-62.6","6.8","","0936af72-c4df-4cb5-b69b-3069791f1d31"
"MEASF","2019","_Population","1132.8","","","","","fde15fbd-e15f-473c-831e-4fcaae7a8961"
"MEASF","2020","_Proportion","27.8","1.6","26.2","29.4","","629c2bc3-c085-49cb-8509-241b216ba068"
"MEASF","2020","_ChangeInProportion","0.2","2.1","-2.0","2.3","","e01fd7a9-790b-40bc-b862-c0d4b407e20b"
"MEASF","2020","_Number","318.1","18.4","299.7","336.6","","e9b3c0b5-2960-4a36-a13a-baca9da908a0"
"MEASF","2020","_ChangeInNumber","4.9","24.0","-19.1","28.9","","ad2c477d-2d8b-47a4-b696-a1f683c5aab7"
"MEASF","2020","_Population","1144.1","","","","","5daae938-b599-4a74-94c7-b89860a88650"
"MEASF","2021","_Proportion","27.5","1.5","26.0","28.9","","28c6a573-d9db-43b1-81d0-5ca8893f74d8"
"MEASF","2021","_ChangeInProportion","-0.3","2.1","-2.5","1.8","","6a88e2aa-bc22-4a8b-b4e0-b27def6f74ec"
"MEASF","2021","_Number","315.6","16.8","298.7","332.4","","b928bc5f-dd0b-43d2-9bc0-fb835741e0ec"
"MEASF","2021","_ChangeInNumber","-2.5","24.4","-27.0","21.9","","1fb431e3-4812-4612-b5f3-82e71a44cdd8"
"MEASF","2021","_Population","1149.2","","","","","97de7f16-31b0-4713-940f-a81d54d1cd60"
"MEASF","2022","_Proportion","28.5","2.4","26.1","30.9","","06c4b13f-171c-4086-880e-4603e110c709"
"MEASF","2022","_ChangeInProportion","1.0","2.9","-1.8","3.9","","3b7ebc2c-0b2e-4d14-9d2e-c5ac1c80a23b"
"MEASF","2022","_Number","327.9","27.8","300.1","355.7","","dba20335-3902-42ce-910e-d92dd0fb4fdc"
"MEASF","2022","_ChangeInNumber","12.3","32.8","-20.5","45.1","","f6667f8c-bc9c-4cdf-af5a-a3faa726f51b"
"MEASF","2022","_Population","1150.7","","","","","4e7c05c8-609e-4610-9792-f12e8a6bede2"
"MEASG","2007","_Proportion","22.4","2.9","19.5","25.3","","11ad7717-678f-47d3-bbab-e1c67d299044"
"MEASG","2007","_ChangeInProportion","","","","","A","7d7c2b95-bde5-425c-b421-b587f2982430"
"MEASG","2007","_Number","240.5","31.2","209.3","271.6","","4b7059c4-cc82-4e62-819f-3f92c4ba871d"
"MEASG","2007","_ChangeInNumber","","","","","A","f8d994e2-5e0e-41ed-9323-c189d9a37cf8"
"MEASG","2007","_Population","1073.4","","","","","595236a5-9c03-46f3-8519-27f7921a3692"
"MEASG","2008","_Proportion","23.9","2.8","21.2","26.7","","229924af-9d81-4028-8270-c0e40fceceba"
"MEASG","2008","_ChangeInProportion","1.5","4.2","-2.7","5.8","","9bc89ae6-5c0f-4a01-b9ad-436190966c77"
"MEASG","2008","_Number","257.8","29.9","227.9","287.7","","212b2486-bce9-4bb0-ac1d-d465cc2f3ed0"
"MEASG","2008","_ChangeInNumber","17.3","45.5","-28.2","62.8","","4e4e0eb2-1f90-4dc5-8249-3e5ad4fa4ad9"
"MEASG","2008","_Population","1076.5","","","","","d399774e-b3d6-45be-a6aa-e0ca54d12db7"
"MEASG","2009","_Proportion","23.8","2.8","21.0","26.6","","b55b156d-5f48-4905-89d9-16449dcda7ce"
"MEASG","2009","_ChangeInProportion","-0.2","4.0","-4.1","3.8","","53372100-0a86-4d08-bc21-606feff9670e"
"MEASG","2009","_Number","256.3","30.0","226.3","286.3","","c9e28a84-0f47-4a84-ac76-481cdb2123d0"
"MEASG","2009","_ChangeInNumber","-1.5","43.0","-44.5","41.5","","e4a34178-79a6-46e1-b1d9-d678a49ee7a7"
"MEASG","2009","_Population","1078.1","","","","","6d390c1c-e9db-42eb-9c78-d1cbf3e68bd5"
"MEASG","2010","_Proportion","21.9","2.7","19.2","24.6","","3e1bc6f1-445e-4708-b525-6a31b1d9e956"
"MEASG","2010","_ChangeInProportion","-1.8","4.1","-5.9","2.3","","f9fe1d69-9105-4a70-8b9b-679a93d17abf"
"MEASG","2010","_Number","237.4","29.0","208.4","266.4","","8b38a162-657d-466a-8094-85a82e55159b"
"MEASG","2010","_ChangeInNumber","-18.9","44.3","-63.2","25.4","","2ff4e09a-6b5e-43bc-850e-e6a4f96af355"
"MEASG","2010","_Population","1082.6","","","","","d12768e7-720a-4fd6-9805-eee85bacdf74"
"MEASG","2011","_Proportion","21.9","2.6","19.3","24.5","","fe26f119-23f1-4a50-b4f2-66eeb00dabc0"
"MEASG","2011","_ChangeInProportion","0.0","3.8","-3.9","3.8","","97b8a0f1-a114-4d22-859e-da839afa6973"
"MEASG","2011","_Number","238.0","27.3","210.6","265.3","","93adca56-dd10-4b63-8e4c-5a2f605c463e"
"MEASG","2011","_ChangeInNumber","0.6","40.9","-40.3","41.5","","924e9f50-6548-40db-ad97-ac87feeea3d0"
"MEASG","2011","_Population","1086.9","","","","","503f417a-f444-46ad-922f-c3c43336a4c5"
"MEASG","2012","_Proportion","22.2","2.8","19.4","25.0","","d309c736-6f76-44de-b204-f8827c1edffd"
"MEASG","2012","_ChangeInProportion","0.3","3.9","-3.6","4.2","","eeca0237-41a9-4664-90de-b1f0dca15adb"
"MEASG","2012","_Number","240.7","30.8","209.9","271.5","","2b1a42a0-4cd6-429b-abe9-6c239939c6fa"
"MEASG","2012","_ChangeInNumber","2.7","42.5","-39.8","45.2","","d2eb00f3-ac0b-4ca4-9c84-80f97d3387c0"
"MEASG","2012","_Population","1085.9","","","","","4267bb85-1280-4ea4-ac26-37540364e6bd"
"MEASG","2013","_Proportion","21.9","2.5","19.4","24.4","","18a39f57-f9a2-4a8e-a8fc-680be5a6bad0"
"MEASG","2013","_ChangeInProportion","-0.3","3.5","-3.8","3.3","","dcbc9820-b859-4b51-8437-2b291a68e7e5"
"MEASG","2013","_Number","237.6","27.3","210.3","264.9","","91284dd1-d221-4d64-a64c-beeaa441a2a9"
"MEASG","2013","_ChangeInNumber","-3.1","38.5","-41.6","35.4","","3b62f850-b62d-4a8f-8758-375135251d74"
"MEASG","2013","_Population","1084.7","","","","","6712c40a-6460-4269-b93c-f3c44cc3be89"
"MEASG","2014","_Proportion","23.0","2.8","20.2","25.7","","f41e1701-d253-4ab0-9829-cad39c4f130e"
"MEASG","2014","_ChangeInProportion","1.0","4.1","-3.0","5.1","","f95d5cad-65e5-4e4f-8a54-0efa2b4155fe"
"MEASG","2014","_Number","248.8","30.0","218.8","278.9","","3d76fe00-4a8e-49d1-afbe-1f6da31484c0"
"MEASG","2014","_ChangeInNumber","11.2","44.3","-33.1","55.5","","a8d7c764-d8ae-46ba-b029-f7434be81675"
"MEASG","2014","_Population","1083.9","","","","","c245626d-bf40-44b3-b6d3-d0f6fd86348f"
"MEASG","2015","_Proportion","23.8","2.2","21.5","26.0","","3226e9c3-14a8-422e-8123-a3d97dca8f48"
"MEASG","2015","_ChangeInProportion","0.8","3.4","-2.5","4.2","","d56dd6ad-64fb-49e9-9e55-2ee7c7c82765"
"MEASG","2015","_Number","258.5","23.8","234.8","282.3","","eda4c9da-5ff7-429f-a90e-79b52e9b8fb7"
"MEASG","2015","_ChangeInNumber","9.7","36.6","-26.9","46.3","","067ebcf4-bf4f-4ce7-973c-8069b801f5c5"
"MEASG","2015","_Population","1087.1","","","","","40ed69eb-05e4-44cd-b21e-190392f323be"
"MEASG","2016","_Proportion","22.3","2.1","20.2","24.4","","757071c2-9104-4a34-a909-9d3f301889ea"
"MEASG","2016","_ChangeInProportion","-1.4","3.2","-4.6","1.7","","fb336243-0cca-4150-938a-9c7de2b95b6e"
"MEASG","2016","_Number","244.2","23.3","220.9","267.4","","3a7b2638-32da-4b2d-9861-73e662f5a710"
"MEASG","2016","_ChangeInNumber","-14.3","34.1","-48.4","19.8","","c3005b62-4a5d-4c9f-8101-bbef3978d7bd"
"MEASG","2016","_Population","1093.2","","","","","cf8c98fd-bf82-4a01-80ff-030cf6a63c47"
"MEASG","2017","_Proportion","21.4","2.1","19.2","23.5","","5f7c3c7b-0b98-4f36-b18b-87a99b55ae70"
"MEASG","2017","_ChangeInProportion","-1.0","3.0","-4.0","2.0","","207e2ac3-8159-4cf2-902c-4cd0e22fc34d"
"MEASG","2017","_Number","235.6","23.6","212.0","259.3","","003cc04b-f5a4-41cb-921b-a1406a462ed0"
"MEASG","2017","_ChangeInNumber","-8.6","33.0","-41.6","24.4","","d7b43c61-b5af-4b99-95f4-41afa1056114"
"MEASG","2017","_Population","1103.2","","","","","2a38b63b-c7ed-48c1-845f-a7a11f3ae278"
"MEASG","2018","_Proportion","22.8","1.9","20.9","24.7","","2dd33b6b-1c3f-41af-a6ae-d59a52d640e7"
"MEASG","2018","_ChangeInProportion","1.4","2.6","-1.1","4.0","","c9e69f13-2133-480c-b8a6-b5a7ce963cbe"
"MEASG","2018","_Number","253.8","21.6","232.3","275.4","","4f581e64-b994-403d-b92c-818ab7596325"
"MEASG","2018","_ChangeInNumber","18.2","28.8","-10.6","47.0","","72ab7ac1-fc3f-42ce-ba22-bc4d1bf35185"
"MEASG","2018","_Population","1113.3","","","","","7f22f5b0-f416-462e-85ba-5a70fe2abbe9"
"MEASG","2019","_Proportion","20.1","1.2","19.0","21.3","","b2c16557-5f44-4999-a4c7-270b72660478"
"MEASG","2019","_ChangeInProportion","-2.7","2.5","-5.2","-0.2","","17a49689-aaaa-4c5a-bec5-a45069da35c6"
"MEASG","2019","_Number","227.9","13.2","214.7","241.1","","ab247bc3-047d-4608-89f6-4645c1b551f5"
"MEASG","2019","_ChangeInNumber","-25.9","29.7","-53.8","2.0","","4ccedd5c-a80b-4600-ad5f-77bb98f58ece"
"MEASG","2019","_Population","1132.8","","","","","870e14d4-a0d3-4581-8815-2825d0b1fc78"
"MEASG","2020","_Proportion","19.5","1.3","18.2","20.8","","7879a0b6-7c78-4023-885a-2f25fd1dd8ba"
"MEASG","2020","_ChangeInProportion","-0.6","1.8","-2.5","1.2","","e38b84eb-d439-4e76-9c07-4b7332d66d7b"
"MEASG","2020","_Number","222.8","14.8","207.9","237.6","","47aa09a6-0fe6-4eff-b229-eaccb34b9f18"
"MEASG","2020","_ChangeInNumber","-5.1","20.8","-25.9","15.7","","9de456aa-dd36-4138-b432-28324a24eaca"
"MEASG","2020","_Population","1144.1","","","","","6a041036-8262-4854-8970-6300c4fb0a38"
"MEASG","2021","_Proportion","19.6","1.4","18.2","20.9","","119f7967-a853-445d-9713-9a2cc6e7dd78"
"MEASG","2021","_ChangeInProportion","0.1","1.8","-1.7","1.9","","3b65fd25-c3ed-4216-ab9e-e7dac0b1a9f1"
"MEASG","2021","_Number","225.2","15.6","209.6","240.7","","c0859001-45ad-409f-9b09-6dd998e92c2a"
"MEASG","2021","_ChangeInNumber","2.4","20.9","-18.5","23.3","","6ad7b6b5-8854-4bb0-a561-3b7e9563f1ed"
"MEASG","2021","_Population","1149.2","","","","","b4e4d664-d14c-4df3-94ac-b43878c05f6e"
"MEASG","2022","_Proportion","19.4","2.1","17.3","21.5","","55079336-6b06-4ed7-842f-0572dbc4151e"
"MEASG","2022","_ChangeInProportion","-0.2","2.4","-2.6","2.3","","f7c1212f-0636-4b1f-b678-5479e566604b"
"MEASG","2022","_Number","223.7","24.2","199.4","247.9","","0692f8c2-6bf6-422d-9643-e26b8b7613b6"
"MEASG","2022","_ChangeInNumber","-1.5","28.0","-29.5","26.5","","5e377550-0339-48a2-bea4-2f0e9d6c4720"
"MEASG","2022","_Population","1150.7","","","","","86f3fbca-c966-4718-ac4b-6818f6d954c2"
"MEASH","2007","_Proportion","15.3","2.8","12.5","18.1","","1d66e5b1-4816-477b-a517-b61d7ef9ea51"
"MEASH","2007","_ChangeInProportion","","","","","A","886b9ffc-678d-4d7a-9900-f3bdbc701968"
"MEASH","2007","_Number","163.9","30.3","133.6","194.2","","c62307d2-e338-4041-98a8-0fec82ebbe0d"
"MEASH","2007","_ChangeInNumber","","","","","A","24e05120-5fe0-449b-b82a-d9cd9c0a227a"
"MEASH","2007","_Population","1073.4","","","","","e61ed9ff-4b78-40a1-946a-3ada71674ba5"
"MEASH","2008","_Proportion","14.5","2.2","12.2","16.7","","53724d00-0766-4fcc-aa44-44bf01d59f7b"
"MEASH","2008","_ChangeInProportion","-0.8","3.6","-4.4","2.8","","66e0a806-0472-41b8-a237-a0829a53f936"
"MEASH","2008","_Number","155.9","24.0","131.9","179.9","","bb114da7-98a8-4b9a-b02e-7bd385f37fad"
"MEASH","2008","_ChangeInNumber","-8.0","38.3","-46.3","30.3","","66eebd44-8b86-46e6-9597-88e7a555f30a"
"MEASH","2008","_Population","1076.5","","","","","5ca4c70e-43bb-4317-a5d0-b0df74b86520"
"MEASH","2009","_Proportion","15.3","2.3","13.0","17.6","","592a3c59-e37c-41c2-8de0-2eba9d0e6f53"
"MEASH","2009","_ChangeInProportion","0.8","3.2","-2.3","4.0","","9aec0ee2-45cf-4c4b-aa2b-00e950b39838"
"MEASH","2009","_Number","165.2","25.2","140.0","190.4","","2d7b4317-fbaa-42c0-a513-82ed92715765"
"MEASH","2009","_ChangeInNumber","9.3","34.5","-25.2","43.8","","2c5a408a-2ed8-44b9-9e11-702b4f395f5d"
"MEASH","2009","_Population","1078.1","","","","","8b249bff-de29-4e9e-85a8-e874e892d6cf"
"MEASH","2010","_Proportion","14.8","2.3","12.5","17.1","","4aed15b4-4b2f-49d0-a7c8-2242da0afdac"
"MEASH","2010","_ChangeInProportion","-0.5","3.2","-3.7","2.7","","87b94e4f-8a89-415c-ae3c-adc3987be848"
"MEASH","2010","_Number","160.4","25.3","135.1","185.7","","a67047a2-9191-46e7-a1a4-bd1d4965eb78"
"MEASH","2010","_ChangeInNumber","-4.8","35.2","-40.0","30.4","","c6027656-1efb-4685-8054-de78b2fefe28"
"MEASH","2010","_Population","1082.6","","","","","30e3e1e9-e74f-4344-85b0-88ffefa114c8"
"MEASH","2011","_Proportion","16.1","2.2","13.9","18.4","","a782c9a5-ac0f-4273-a84d-c2209396f9d7"
"MEASH","2011","_ChangeInProportion","1.3","3.0","-1.7","4.3","","e6677f46-554c-4403-892b-c69b9056590d"
"MEASH","2011","_Number","175.5","24.0","151.5","199.5","","de0a166f-a9c1-43bb-b664-a2255a2bd066"
"MEASH","2011","_ChangeInNumber","15.1","32.8","-17.7","47.9","","f389471a-5c34-4818-853c-7b8aebd91bbd"
"MEASH","2011","_Population","1086.9","","","","","af5b2a05-ae96-4d23-ac38-de94d63cbd5b"
"MEASH","2012","_Proportion","16.3","2.6","13.7","18.9","","fbc831a1-0fe6-4a4e-98c7-a65c8270eb26"
"MEASH","2012","_ChangeInProportion","0.1","3.3","-3.2","3.5","","9940a687-b269-42cb-a01b-d5602f158d5e"
"MEASH","2012","_Number","176.8","28.7","148.1","205.6","","ac8d222b-56ad-4951-8695-0ff49e28098f"
"MEASH","2012","_ChangeInNumber","1.3","36.3","-35.0","37.6","","351f542a-28b0-4c0a-b934-19fa57a887f5"
"MEASH","2012","_Population","1085.9","","","","","d909d9bc-503e-41b6-a8b9-3eb2f2544424"
"MEASH","2013","_Proportion","15.6","2.5","13.1","18.1","","8766ce54-98d8-4028-b44b-1346ac7ed7fb"
"MEASH","2013","_ChangeInProportion","-0.7","3.4","-4.1","2.7","","9963b4ff-92b0-4e0d-be2a-79dc184a8a03"
"MEASH","2013","_Number","169.0","27.0","142.0","196.0","","748af9c2-bd08-43a9-82ae-4c9bd93d4f09"
"MEASH","2013","_ChangeInNumber","-7.8","37.1","-44.9","29.3","","22289e44-55e3-4463-a4e7-de3ed09e5d20"
"MEASH","2013","_Population","1084.7","","","","","d13f887c-f6d6-436b-84f4-cc20b74d8deb"
"MEASH","2014","_Proportion","15.8","2.4","13.5","18.2","","9bf6e6f3-90c5-49e1-9ee2-f3afafaa8728"
"MEASH","2014","_ChangeInProportion","0.3","3.6","-3.3","3.9","","27ec63b8-ef5c-4c91-af8e-df660fc385d9"
"MEASH","2014","_Number","171.7","25.9","145.8","197.6","","d69a7775-dee6-4a5d-adda-b78fce785e84"
"MEASH","2014","_ChangeInNumber","2.7","39.1","-36.4","41.8","","09394bae-b389-4d5d-86db-b361fbf49708"
"MEASH","2014","_Population","1083.9","","","","","bfa8a905-f868-4fed-894d-c73ec80ea611"
"MEASH","2015","_Proportion","15.5","1.9","13.5","17.4","","291f39e7-656a-46b3-a430-0285540e603d"
"MEASH","2015","_ChangeInProportion","-0.4","3.2","-3.5","2.8","","62123a71-2b44-4447-86da-5f3843bac6ae"
"MEASH","2015","_Number","168.2","21.2","147.0","189.5","","07785747-796b-4f52-80fe-7786ff75de3e"
"MEASH","2015","_ChangeInNumber","-3.5","35.1","-38.6","31.6","","b93ecd03-738e-4de2-990e-cad9dd073105"
"MEASH","2015","_Population","1087.1","","","","","622b10ef-4e78-47fc-8e7f-3212b5c2c5d8"
"MEASH","2016","_Proportion","16.2","2.3","13.9","18.5","","e777bb43-584a-4289-9d88-d5429b6ae0d0"
"MEASH","2016","_ChangeInProportion","0.8","2.9","-2.1","3.7","","db86deb9-032c-4bbf-8282-d5bebebc8376"
"MEASH","2016","_Number","177.6","25.2","152.5","202.8","","0e778881-8cb3-443a-b8a3-663e89e19695"
"MEASH","2016","_ChangeInNumber","9.4","31.8","-22.4","41.2","","ba4a329f-351a-4796-9b0d-84116abe41d7"
"MEASH","2016","_Population","1093.2","","","","","fd983b3a-7778-43ad-8181-958941fa223b"
"MEASH","2017","_Proportion","16.1","2.2","13.9","18.4","","2a99ae3d-363e-406a-b328-1b95b9851f89"
"MEASH","2017","_ChangeInProportion","-0.1","3.4","-3.5","3.2","","10bed389-62b4-4cf0-bd5c-dee264ed8d4c"
"MEASH","2017","_Number","178.0","24.4","153.6","202.4","","b4c30120-76f2-41ce-ad94-065be86db337"
"MEASH","2017","_ChangeInNumber","0.4","36.7","-36.3","37.1","","fd8d508c-0ea7-4b8f-9803-9171ea9f048c"
"MEASH","2017","_Population","1103.2","","","","","acfe9b3e-305a-41ed-b47c-04b2223db688"
"MEASH","2018","_Proportion","15.7","2.2","13.5","17.8","","2acab363-0d5d-42c9-b487-820940a36f98"
"MEASH","2018","_ChangeInProportion","-0.5","3.0","-3.5","2.5","","d2d6d52c-98f7-4b79-b396-2314dcadc8f3"
"MEASH","2018","_Number","174.3","24.6","149.7","198.9","","acefae8b-b2df-45e4-a348-ef5f30489cbe"
"MEASH","2018","_ChangeInNumber","-3.7","33.4","-37.1","29.7","","9f763587-19cf-4c49-9686-341209749b3b"
"MEASH","2018","_Population","1113.3","","","","","4d888b56-c9b1-4ea8-89a1-561ac793b9ab"
"MEASH","2019","_Proportion","13.8","1.0","12.8","14.7","","f1163eec-5ebf-4abf-9a2e-41f12e6fc172"
"MEASH","2019","_ChangeInProportion","1.9","2.4","-4.3","0.5","","5c2fe407-2f5f-4343-b2cb-e23e28332326"
"MEASH","2019","_Number","156.1","10.8","145.3","166.9","","1fc1b28e-5c5a-452c-8e8c-133b4400d63a"
"MEASH","2019","_ChangeInNumber","-18.3","27.5","-45.8","9.2","","f95f56a0-eb52-41e9-82d6-dd23547397fe"
"MEASH","2019","_Population","1132.8","","","","","a1b42749-06ac-4a48-96df-8b0076a0611d"
"MEASH","2020","_Proportion","13.2","1.2","12.0","14.4","","91a21209-065c-432b-8faa-de4fcc16bda6"
"MEASH","2020","_ChangeInProportion","-0.5","1.6","-2.1","1.0","","519342ac-bc31-46a3-acac-0adfe1c46b9c"
"MEASH","2020","_Number","151.4","13.9","137.5","165.3","","b8a985a4-94c1-4791-aa8e-025676361685"
"MEASH","2020","_ChangeInNumber","-4.7","18.2","-22.9","13.5","","016eb5fa-7458-4c8a-a67a-ec39d2425514"
"MEASH","2020","_Population","1144.1","","","","","6cfa7d5f-aa69-4a2d-978f-63e06f7e5369"
"MEASH","2021","_Proportion","12.3","1.1","11.2","13.3","","9a8dbfba-28d5-4423-8875-7339e68b1ad3"
"MEASH","2021","_ChangeInProportion","-1.0","1.6","-2.6","0.6","","dd17cd3c-78fe-4a88-aaab-bac3306e3af5"
"MEASH","2021","_Number","141.0","12.4","128.6","153.3","","05f86501-17e8-4d08-96a0-ea6b9b260156"
"MEASH","2021","_ChangeInNumber","-10.4","18.3","-28.7","7.9","","6ff52b4a-bf64-4654-8309-eda1cac4302d"
"MEASH","2021","_Population","1149.2","","","","","49bf9495-d617-4221-9478-ed98a764c27d"
"MEASH","2022","_Proportion","12.5","1.6","10.9","14.2","","136dd55a-0606-4461-840b-8235e55a0efc"
"MEASH","2022","_ChangeInProportion","0.3","1.9","-1.6","2.2","","93dacdc2-f1e8-4ef8-a98f-a64e9bae4dd2"
"MEASH","2022","_Number","144.2","18.7","125.5","163.0","","e74a552a-613d-475d-bd80-d39bb6b1c9a3"
"MEASH","2022","_ChangeInNumber","3.3","21.9","-18.6","25.1","","25ffd08c-0994-4229-8c68-5e9f983b0a07"
"MEASH","2022","_Population","1150.7","","","","","6d690f51-8984-4c2d-b35a-cd255b28add2"
"MEASI","2007","_Proportion","","","","","A","3f83fdbb-af12-4083-9d01-d7801ea361f3"
"MEASI","2007","_ChangeInProportion","","","","","A","79c346a1-a656-4206-bd59-a2895dc1dfdb"
"MEASI","2007","_Number","","","","","A","3d266049-26af-494e-aaaa-dbaa3cf69d77"
"MEASI","2007","_ChangeInNumber","","","","","A","d21a9f54-095c-402e-9424-82bb87f7299c"
"MEASI","2007","_Population","","","","","A","5278e11a-284c-4a6a-bd4e-3f9eb0daf5c8"
"MEASI","2008","_Proportion","","","","","A","77de258d-289f-409b-9551-08627d138c56"
"MEASI","2008","_ChangeInProportion","","","","","A","7fe16b7c-f0ae-40bb-8e6d-6890758f2c14"
"MEASI","2008","_Number","","","","","A","845085eb-1c43-41b9-b740-9d894285fdb8"
"MEASI","2008","_ChangeInNumber","","","","","A","786b684f-40e6-4303-9f60-f12532359982"
"MEASI","2008","_Population","","","","","A","eea0cc11-894b-48ca-82c3-c9408170e41c"
"MEASI","2009","_Proportion","","","","","A","12d962c8-3a41-4ba8-8040-99d0475b7100"
"MEASI","2009","_ChangeInProportion","","","","","A","efd6f79e-0b3f-45c0-a0d5-cc2b97aeeb24"
"MEASI","2009","_Number","","","","","A","62af865a-82dc-4ac2-b3a9-a0e4b2921f34"
"MEASI","2009","_ChangeInNumber","","","","","A","70093ec0-baec-4b87-b931-9357770b23cd"
"MEASI","2009","_Population","","","","","A","f40e14fc-a9a7-44c3-8470-268197efd961"
"MEASI","2010","_Proportion","","","","","A","b3195c38-dd95-4633-a611-63c725f92429"
"MEASI","2010","_ChangeInProportion","","","","","A","0f0f8995-fa51-4a4f-b04c-33c5291960f0"
"MEASI","2010","_Number","","","","","A","3fbfe3c4-c12a-4b38-81b4-7fd02b3ac74c"
"MEASI","2010","_ChangeInNumber","","","","","A","5de2c86d-b445-44cd-8213-0defbe52ec0c"
"MEASI","2010","_Population","","","","","A","06767785-089b-46da-8cad-c3ac6a062377"
"MEASI","2011","_Proportion","","","","","A","5c929454-acbc-452b-9071-16950a7cf481"
"MEASI","2011","_ChangeInProportion","","","","","A","16f0ad4b-2c06-4353-999d-1749f8f65ec6"
"MEASI","2011","_Number","","","","","A","4accd6a0-492c-4322-a2e5-7b0782df90e1"
"MEASI","2011","_ChangeInNumber","","","","","A","b3d63125-88b1-473b-ba2f-4d996d5285be"
"MEASI","2011","_Population","","","","","A","af986bde-9e11-4fea-b58f-9fcdac941269"
"MEASI","2012","_Proportion","","","","","A","2649df06-5d54-46e0-a9fe-0b7a9782cd2d"
"MEASI","2012","_ChangeInProportion","","","","","A","854029ea-d892-47b7-8d83-a8a39759e7d0"
"MEASI","2012","_Number","","","","","A","82ca3164-09b5-4ab2-80b4-2e5dba1bd194"
"MEASI","2012","_ChangeInNumber","","","","","A","be2b3bb8-ae9e-4d22-bd72-122f96cc4a1b"
"MEASI","2012","_Population","","","","","A","3e0d1299-0ca5-403a-a5e5-4ce225ba2081"
"MEASI","2013","_Proportion","7.7","2.7","5.1","10.4","","34aa2cca-e9bf-4ec1-bc47-0e2f5635609f"
"MEASI","2013","_ChangeInProportion","","","","","A","b1cc2a1e-3b21-4bcb-bc93-f36ecc9f579d"
"MEASI","2013","_Number","84.0","29.1","54.9","113.1","","5aaf1935-2f2a-4e10-bfb0-e56eab2b37ed"
"MEASI","2013","_ChangeInNumber","","","","","A","5b23a0b3-d77b-4789-a8d5-04767800a442"
"MEASI","2013","_Population","1084.7","","","","","e6b50d9c-e011-413e-a843-b2b717c9788b"
"MEASI","2014","_Proportion","8.4","3.1","5.4","11.5","","ef391933-f6a0-4d6b-88f5-17f12c4baea1"
"MEASI","2014","_ChangeInProportion","0.7","4.2","-3.5","4.9","","d41fa397-05c5-48ef-84e0-b74237da111d"
"MEASI","2014","_Number","91.5","33.1","58.4","124.6","","a6e3ff4a-78a2-4a4c-ac25-f1a3c544cefd"
"MEASI","2014","_ChangeInNumber","7.5","45.4","-37.9","52.9","","57918711-1454-4c6c-89ea-18419ffd450f"
"MEASI","2014","_Population","1083.9","","","","","cd34e9aa-2a1c-4d66-94c4-dfc1b813b2d8"
"MEASI","2015","_Proportion","8.6","3.4","5.2","11.9","","f0143fc2-0a64-4aa5-bde3-ef5dc2359c51"
"MEASI","2015","_ChangeInProportion","0.1","4.8","-4.7","4.9","","ce9badba-08ce-4366-8ce4-524c9f5ae0eb"
"MEASI","2015","_Number","93.0","36.2","56.8","129.3","","72d7328e-2622-448d-b292-7c495f3928ad"
"MEASI","2015","_ChangeInNumber","1.5","51.6","-50.1","53.1","","7dd049c5-1c43-41c9-b1cb-becf55e61f63"
"MEASI","2015","_Population","1087.1","","","","","76ec635b-3e45-4470-9687-2764d9bbc5a2"
"MEASI","2016","_Proportion","4.6","1.9","2.7","6.5","","f0d50d3a-00c4-4518-b85e-d262f4500e9f"
"MEASI","2016","_ChangeInProportion","-4.0","4.0","-8.0","0.0","","7273f677-422c-4992-a1c5-8b2f8043723e"
"MEASI","2016","_Number","50.2","20.3","30.0","70.5","","1640eafc-b3e3-47bc-a6de-eec0142ac043"
"MEASI","2016","_ChangeInNumber","-42.8","43.5","-86.3","0.7","","6ba7e849-0890-4d2b-8f48-d7b936283624"
"MEASI","2016","_Population","1093.2","","","","","6dcd9faf-17b2-4f31-b521-765f6d25d3af"
"MEASI","2017","_Proportion","6.7","2.1","4.6","8.8","","b2ec36b7-e15a-459f-9822-21991cc2d20a"
"MEASI","2017","_ChangeInProportion","2.1","3.0","-0.9","5.1","","f3878bbb-bb9f-465b-9139-38daa3358608"
"MEASI","2017","_Number","73.6","23.4","50.2","97.0","","7f504315-5a92-4d0c-8633-fc6792529800"
"MEASI","2017","_ChangeInNumber","23.4","33.1","-9.7","56.5","","8a0f9781-3c3e-41df-8a44-fffdf8d7edff"
"MEASI","2017","_Population","1103.2","","","","","2e039ec9-4334-4d87-9a13-c7683846b90a"
"MEASI","2018","_Proportion","5.8","1.4","4.4","7.2","","a50d5e7b-fa02-4140-a128-e248fa048a66"
"MEASI","2018","_ChangeInProportion","-0.8","2.6","-3.5","1.8","","364082f8-0a24-473c-9a86-b52be605e87c"
"MEASI","2018","_Number","64.8","15.6","49.2","80.4","","1531b18e-e63b-473f-ad32-11defb505ac6"
"MEASI","2018","_ChangeInNumber","-8.8","28.9","-37.7","20.1","","ddc9dbf1-cdfc-46e4-b5f7-7b2177c81530"
"MEASI","2018","_Population","1113.3","","","","","18ff2cdc-7aed-4ac2-8df5-29db19acf039"
"MEASI","2019","_Proportion","5.7","0.6","5.1","6.3","","62a8d005-a60d-44ec-867f-d4ee61dcf6b8"
"MEASI","2019","_ChangeInProportion","-0.1","1.6","-1.8","1.5","","b08513c2-8524-4466-b2f9-c314b617e7ea"
"MEASI","2019","_Number","64.6","7.1","57.5","71.7","","5c6cc6e2-bc1e-41c7-8290-b1cc28bab611"
"MEASI","2019","_ChangeInNumber","-0.2","18.2","-18.4","18.0","","d6aa5db3-0394-4311-bb05-9e843e8982b9"
"MEASI","2019","_Population","1132.2","","","","","25161850-00ef-44fb-bdac-d1cf25ca6971"
"MEASI","2020","_Proportion","4.6","0.7","3.9","5.3","","ddefa123-00b4-4971-a894-301c167ed419"
"MEASI","2020","_ChangeInProportion","-1.1","0.9","-2.0","-0.2","","266930b4-f3e0-4908-9a56-857bb770d24c"
"MEASI","2020","_Number","52.6","8.0","44.6","60.6","","6779bb4b-ef40-4b9a-a0a5-b32f88e30cf6"
"MEASI","2020","_ChangeInNumber","-12.0","10.4","-22.3","-1.6","","2c3fdf28-6e6d-4ebf-82b8-dcb18c260474"
"MEASI","2020","_Population","1142.3","","","","","b790ffad-fa30-424d-91bd-f33d1a22991c"
"MEASI","2021","_Proportion","4.9","0.9","4.0","5.8","","78d09690-1342-4cd6-bcfa-5643cfa1a5f3"
"MEASI","2021","_ChangeInProportion","0.3","1.1","-0.8","1.3","","01211340-8707-4902-88aa-4fd196fb845a"
"MEASI","2021","_Number","56.1","10.1","46.1","66.2","","2db42100-39ea-4550-a1a1-ca6338e419ba"
"MEASI","2021","_ChangeInNumber","3.5","12.1","-8.6","15.7","","4b2af5be-7506-47ee-9624-677e5b595183"
"MEASI","2021","_Population","1146.9","","","","","18e4c2d6-a030-437f-a633-54aad37c29bf"
"MEASI","2022","_Proportion","3.9","1.0","2.9","4.9","","36dc2926-0958-457b-9ff3-4cd4bd5aabe1"
"MEASI","2022","_ChangeInProportion","-1.0","1.3","-2.3","0.3","","7ddf2488-1df5-4f44-9744-af6d32611198"
"MEASI","2022","_Number","45.1","11.2","33.9","56.3","","e7ff5087-6fe3-4839-8a66-63801818e4e9"
"MEASI","2022","_ChangeInNumber","-11.1","14.7","-25.8","3.6","","e6b5e33e-2be8-4e76-a237-a32fc10615d9"
"MEASI","2022","_Population","1149.6","","","","","6a528822-20e5-4eb1-be7e-d346ee55e413"
"MEASJ","2007","_Proportion","","","","","A","8099973e-ddea-4e1f-b5c5-34a5be005609"
"MEASJ","2007","_ChangeInProportion","","","","","A","650589be-40c3-4278-b6fe-ae7012fa7b33"
"MEASJ","2007","_Number","","","","","A","6b7837cf-8b4e-4413-add0-a4bbf77f1fbe"
"MEASJ","2007","_ChangeInNumber","","","","","A","15db38ab-44dd-4e02-8253-0b95028e461f"
"MEASJ","2007","_Population","","","","","A","4c098fd7-f711-441a-9327-ba0e22678999"
"MEASJ","2008","_Proportion","","","","","A","bcaf4b24-77e8-4772-b5c0-10179a6329cb"
"MEASJ","2008","_ChangeInProportion","","","","","A","af08cc47-9016-46e5-8547-91bbbd734538"
"MEASJ","2008","_Number","","","","","A","ada20f2c-ad0e-4021-b9a7-2fcfab8cac93"
"MEASJ","2008","_ChangeInNumber","","","","","A","51acaeb1-e3e0-40d2-8a95-806c0cb88f65"
"MEASJ","2008","_Population","","","","","A","0cc6893a-a178-4595-ba92-ad424c3cdc03"
"MEASJ","2009","_Proportion","","","","","A","909083d3-917c-4c8d-b9ce-86c16aa1772b"
"MEASJ","2009","_ChangeInProportion","","","","","A","304ccb17-22e6-42ff-b6ac-7edec4105a16"
"MEASJ","2009","_Number","","","","","A","a3ba2ac5-2c90-46df-ad9b-0b9126645c8c"
"MEASJ","2009","_ChangeInNumber","","","","","A","d1172486-ed72-4600-af0d-fae24f77de91"
"MEASJ","2009","_Population","","","","","A","16ec81ed-c58f-42c9-97cf-b3b16ffbbfae"
"MEASJ","2010","_Proportion","","","","","A","8ac36b34-3f58-4bed-bbcb-f571d2f723d9"
"MEASJ","2010","_ChangeInProportion","","","","","A","b6b39c88-abea-4443-9ec6-d9bd42dce534"
"MEASJ","2010","_Number","","","","","A","dfd15779-d44d-4f4f-b76b-84d978208907"
"MEASJ","2010","_ChangeInNumber","","","","","A","43f602b6-486f-4046-8ca6-f4a6c30bbba8"
"MEASJ","2010","_Population","","","","","A","819b342b-3ce2-4059-aed6-516e6d1fc346"
"MEASJ","2011","_Proportion","","","","","A","65e61983-7588-4c76-b198-ea3a42e52231"
"MEASJ","2011","_ChangeInProportion","","","","","A","60d8bb26-ba81-4b95-ad81-a6fa0e0ed7ca"
"MEASJ","2011","_Number","","","","","A","4e20d7fa-64c4-4663-9839-37ca9e903560"
"MEASJ","2011","_ChangeInNumber","","","","","A","67b6ac60-6742-4907-831e-966920a3b53c"
"MEASJ","2011","_Population","","","","","A","bdd536cd-e39b-4494-bd12-4041adee2d45"
"MEASJ","2012","_Proportion","","","","","A","87288b97-95f1-4bdc-afc4-2116be3eee53"
"MEASJ","2012","_ChangeInProportion","","","","","A","aa6cb71b-9986-4804-803a-6de70eab795e"
"MEASJ","2012","_Number","","","","","A","f32d7950-0fa5-4106-8f88-50664bfd49de"
"MEASJ","2012","_ChangeInNumber","","","","","A","d28b6916-1c9d-4a88-a431-ceede45ea15f"
"MEASJ","2012","_Population","","","","","A","f912f163-c7e6-45ae-a54a-3a56937a104b"
"MEASJ","2013","_Proportion","10.5","3.3","7.2","13.8","","2f35c397-7824-42f6-982f-ef76292aee22"
"MEASJ","2013","_ChangeInProportion","","","","","A","cf228e69-908f-4f0e-834b-0baf60d9f6ca"
"MEASJ","2013","_Number","113.8","35.7","78.1","149.4","","77ad73fb-f4e4-446c-a4e7-d8c061bb1c47"
"MEASJ","2013","_ChangeInNumber","","","","","A","04fec480-e2c8-45f9-b3dc-eada6b5ba422"
"MEASJ","2013","_Population","1084.7","","","","","0ef95967-d6f8-44aa-a4f9-02dfd95c7a4e"
"MEASJ","2014","_Proportion","8.9","2.6","6.2","11.5","","53394a72-9630-4734-82db-8e45e63fae62"
"MEASJ","2014","_ChangeInProportion","-1.6","4.2","-5.9","2.6","","0ab4190d-f4e3-4e4f-a35b-8fa5161dd565"
"MEASJ","2014","_Number","96.2","28.3","67.9","124.5","","f0996bce-962c-4469-9bd9-9d15c246cd08"
"MEASJ","2014","_ChangeInNumber","-17.6","46.0","-63.6","28.4","","4cbb936d-9d0e-49a3-b428-32718da3a47b"
"MEASJ","2014","_Population","1083.9","","","","","55f25f93-1d5a-4344-a893-5c1f11c59bc3"
"MEASJ","2015","_Proportion","10.2","2.6","7.6","12.8","","4252547b-6b95-4379-9c87-031ab9de4a6a"
"MEASJ","2015","_ChangeInProportion","1.3","3.9","-2.5","5.2","","bdec1999-dccb-4465-998e-c85c4c969499"
"MEASJ","2015","_Number","110.9","27.6","83.3","138.5","","3498359f-41a3-4dfe-a639-4f97b748b742"
"MEASJ","2015","_ChangeInNumber","14.7","41.8","-27.1","56.5","","e4157184-1357-49a3-a88f-ec852fcbacbc"
"MEASJ","2015","_Population","1087.1","","","","","05c2ee0c-7c94-4234-a4c2-8dd437e85952"
"MEASJ","2016","_Proportion","7.2","2.5","4.7","9.8","","21f35abf-af3d-4c7a-8701-4bfd307f1bf2"
"MEASJ","2016","_ChangeInProportion","-3.0","3.6","-6.6","0.6","","f93f7e02-5c66-4760-a74c-b1fc09eb241d"
"MEASJ","2016","_Number","78.8","27.8","51.0","106.6","","13c00d74-3c5b-4d41-831d-473304ead0da"
"MEASJ","2016","_ChangeInNumber","-32.1","39.4","-71.5","7.3","","f1b98cd1-6ad4-4214-8d2e-1177765a5331"
"MEASJ","2016","_Population","1093.2","","","","","68cffffd-d9a5-4ed8-86ac-e962bf88b1d0"
"MEASJ","2017","_Proportion","7.8","2.0","5.8","9.9","","95590f21-5e0e-434b-96e5-7d79065f0199"
"MEASJ","2017","_ChangeInProportion","0.6","3.5","-2.9","4.1","","fe7fd93c-dfe3-4c9b-85a3-0a0dba36d7de"
"MEASJ","2017","_Number","86.2","22.4","63.8","108.6","","35e76169-b1ba-4137-85ce-11520ba8999c"
"MEASJ","2017","_ChangeInNumber","7.4","38.2","-30.8","45.6","","259a9f70-bf19-421e-86ea-c68b463148f4"
"MEASJ","2017","_Population","1103.2","","","","","9da13576-c200-41a3-b8b5-0fef7c9103ab"
"MEASJ","2018","_Proportion","8.8","1.8","7.1","10.6","","15bcccf1-b191-433c-9481-f78098df8f09"
"MEASJ","2018","_ChangeInProportion","1.0","2.9","-1.9","3.9","","c5a2849b-e45a-4f37-ba6c-05a78fa492be"
"MEASJ","2018","_Number","98.3","19.5","78.8","117.8","","91beb562-bab9-4e72-b1fc-3bb074b52380"
"MEASJ","2018","_ChangeInNumber","12.1","31.7","-19.6","43.8","","8a919305-6c48-4b64-a471-42cf92333190"
"MEASJ","2018","_Population","1113.3","","","","","afd74b38-2586-4b0a-95bb-0864a485b339"
"MEASJ","2019","_Proportion","7.7","0.8","6.9","8.5","","f56debd8-4a01-474c-a068-d7e6611541b2"
"MEASJ","2019","_ChangeInProportion","-1.1","1.9","-3.1","0.8","","30db4151-675d-4605-baca-d3caf3830b0d"
"MEASJ","2019","_Number","87.1","9.4","77.7","96.5","","4d0053f2-600d-48ac-9555-2b48358ff11a"
"MEASJ","2019","_ChangeInNumber","-11.2","21.3","-32.5","10.1","","e698aa15-e848-4c1d-996b-7e42490a48b4"
"MEASJ","2019","_Population","1132.8","","","","","31538018-fab1-4100-a06d-123ade800d26"
"MEASJ","2020","_Proportion","6.9","1.0","5.9","7.8","","bc057675-9805-4e2c-acf9-51d0891cc55e"
"MEASJ","2020","_ChangeInProportion","-0.8","1.2","-2.1","0.4","","f691b0d0-7c3f-4e6d-af8e-a5cf5da61738"
"MEASJ","2020","_Number","78.4","11.2","67.2","89.5","","371f8a65-3b7e-4005-8f18-aa3b30bd04d7"
"MEASJ","2020","_ChangeInNumber","-8.7","14.1","-22.9","5.4","","ac0ebd1a-a840-4b28-aa9b-2e3758091b34"
"MEASJ","2020","_Population","1142.3","","","","","dcc4be87-10ed-4063-9e66-0297939f3611"
"MEASJ","2021","_Proportion","6.4","0.8","5.6","7.2","","3b2635dd-97a9-43c6-99e5-dbe4c2d7a24a"
"MEASJ","2021","_ChangeInProportion","-0.5","1.1","-1.6","0.7","","3b9cff0b-7538-47f5-8cdd-7873035e9041"
"MEASJ","2021","_Number","73.5","9.6","63.8","83.1","","3423a0b1-fb7d-4508-a855-0f83d69373bf"
"MEASJ","2021","_ChangeInNumber","-4.9","13.0","-17.9","8.1","","819eaf29-e8ac-4f58-a80f-2e8b15d80077"
"MEASJ","2021","_Population","1146.9","","","","","4a78db5d-3b5c-4f80-8a89-d752a5912c55"
"MEASJ","2022","_Proportion","5.9","1.2","4.7","7.0","","8d1cc51b-7102-48bc-9142-dec51460c230"
"MEASJ","2022","_ChangeInProportion","-0.5","1.4","-2.0","0.9","","2f9d8ee7-0aa9-476d-912a-a23f8d905245"
"MEASJ","2022","_Number","67.3","13.3","54.1","80.6","","53408cbf-d59c-45e7-9866-aba01ef47794"
"MEASJ","2022","_ChangeInNumber","-6.1","16.2","-22.3","10.1","","0a2e3159-0540-4ee8-8843-b3b64cde044c"
"MEASJ","2022","_Population","1149.6","","","","","9099cc54-6340-4ea6-992e-a13a64293cd0"
